日期,渠道,品类,订单数,收入,退款金额,广告花费,毛利
2026-09-01,自然流量,香薰蜡烛,19,3173.23,85.68,0,1667.28
2026-09-01,自然流量,家居香氛,12,2475.95,61.9,0,1255.31
2026-09-01,自然流量,车载香氛,22,2906.33,148.22,0,1296.31
2026-09-01,自然流量,礼盒套装,5,1875.53,31.88,0,1087.75
2026-09-01,自然流量,配件耗材,15,1029.25,22.64,0,422.77
2026-09-01,信息流投放,香薰蜡烛,13,2167.95,58.53,824,1139.08
2026-09-01,信息流投放,家居香氛,9,1990.78,49.77,756,1009.32
2026-09-01,信息流投放,车载香氛,17,2072.2,105.68,787,924.26
2026-09-01,信息流投放,礼盒套装,3,1090.29,18.53,414,632.33
2026-09-01,信息流投放,配件耗材,6,432.63,9.52,164,177.71
2026-09-01,私域社群,香薰蜡烛,7,1147.95,30.99,69,603.15
2026-09-01,私域社群,家居香氛,6,1344.89,33.62,81,681.86
2026-09-01,私域社群,车载香氛,5,653.64,33.34,39,291.54
2026-09-01,私域社群,礼盒套装,6,2154.11,36.62,129,1249.32
2026-09-01,私域社群,配件耗材,8,532.39,11.71,32,218.68
2026-09-01,老客复购,香薰蜡烛,5,858.02,23.17,34,450.82
2026-09-01,老客复购,家居香氛,4,928.25,23.21,37,470.62
2026-09-01,老客复购,车载香氛,7,944.45,48.17,38,421.25
2026-09-01,老客复购,礼盒套装,2,773.77,13.15,31,448.76
2026-09-01,老客复购,配件耗材,11,744.4,16.38,30,305.77
2026-09-02,自然流量,香薰蜡烛,19,3250.15,87.75,0,1707.69
2026-09-02,自然流量,家居香氛,12,2628.74,65.72,0,1332.77
2026-09-02,自然流量,车载香氛,23,2865.06,146.12,0,1277.9
2026-09-02,自然流量,礼盒套装,5,1827.04,31.06,0,1059.63
2026-09-02,自然流量,配件耗材,15,1068.78,23.51,0,439.01
2026-09-02,信息流投放,香薰蜡烛,13,2250.69,60.77,855,1182.56
2026-09-02,信息流投放,家居香氛,9,2059.38,51.48,783,1044.11
2026-09-02,信息流投放,车载香氛,18,2435.03,124.19,925,1086.1
2026-09-02,信息流投放,礼盒套装,3,1124.25,19.11,427,652.03
2026-09-02,信息流投放,配件耗材,6,409.62,9.01,156,168.26
2026-09-02,私域社群,香薰蜡烛,7,1245.1,33.62,75,654.2
2026-09-02,私域社群,家居香氛,6,1305.07,32.63,78,661.67
2026-09-02,私域社群,车载香氛,5,637.17,32.5,38,284.2
2026-09-02,私域社群,礼盒套装,6,2280.17,38.76,137,1322.43
2026-09-02,私域社群,配件耗材,9,658.13,14.48,39,270.34
2026-09-02,老客复购,香薰蜡烛,5,835.32,22.55,33,438.89
2026-09-02,老客复购,家居香氛,5,1152.05,28.8,46,584.09
2026-09-02,老客复购,车载香氛,7,894.66,45.63,36,399.04
2026-09-02,老客复购,礼盒套装,2,715.82,12.17,29,415.15
2026-09-02,老客复购,配件耗材,11,742.87,16.34,30,305.14
2026-09-03,自然流量,香薰蜡烛,19,3189.65,86.12,0,1675.91
2026-09-03,自然流量,家居香氛,14,3131.49,78.29,0,1587.67
2026-09-03,自然流量,车载香氛,21,2587.43,131.96,0,1154.07
2026-09-03,自然流量,礼盒套装,4,1462.18,24.86,0,848.02
2026-09-03,自然流量,配件耗材,16,1167.37,25.68,0,479.51
2026-09-03,信息流投放,香薰蜡烛,13,2107.41,56.9,801,1107.27
2026-09-03,信息流投放,家居香氛,8,1693.25,42.33,643,858.48
2026-09-03,信息流投放,车载香氛,18,2188.81,111.63,832,976.27
2026-09-03,信息流投放,礼盒套装,3,1062.23,18.06,404,616.06
2026-09-03,信息流投放,配件耗材,7,495.25,10.9,188,203.43
2026-09-03,私域社群,香薰蜡烛,7,1160.68,31.34,70,609.84
2026-09-03,私域社群,家居香氛,6,1245.99,31.15,75,631.71
2026-09-03,私域社群,车载香氛,5,610.1,31.12,37,272.12
2026-09-03,私域社群,礼盒套装,6,2116.53,35.98,127,1227.52
2026-09-03,私域社群,配件耗材,8,563.28,12.39,34,231.37
2026-09-03,老客复购,香薰蜡烛,5,832.15,22.47,33,437.23
2026-09-03,老客复购,家居香氛,5,1070.96,26.77,43,542.98
2026-09-03,老客复购,车载香氛,7,899.73,45.89,36,401.31
2026-09-03,老客复购,礼盒套装,2,734.26,12.48,29,425.85
2026-09-03,老客复购,配件耗材,11,748.23,16.46,30,307.34
2026-09-04,自然流量,香薰蜡烛,22,3514.58,94.89,0,1846.63
2026-09-04,自然流量,家居香氛,15,3409.43,85.24,0,1728.58
2026-09-04,自然流量,车载香氛,26,3233.17,164.89,0,1442.09
2026-09-04,自然流量,礼盒套装,5,1889.31,32.12,0,1095.74
2026-09-04,自然流量,配件耗材,19,1359.55,29.91,0,558.45
2026-09-04,信息流投放,香薰蜡烛,14,2416.35,65.24,918,1269.6
2026-09-04,信息流投放,家居香氛,9,1922.96,48.07,731,974.94
2026-09-04,信息流投放,车载香氛,19,2452.52,125.08,932,1093.9
2026-09-04,信息流投放,礼盒套装,4,1448.39,24.62,550,840.02
2026-09-04,信息流投放,配件耗材,7,461.74,10.16,175,189.66
2026-09-04,私域社群,香薰蜡烛,9,1598.06,43.15,96,839.65
2026-09-04,私域社群,家居香氛,7,1598.22,39.96,96,810.3
2026-09-04,私域社群,车载香氛,5,662.67,33.8,40,295.57
2026-09-04,私域社群,礼盒套装,7,2486.58,42.27,149,1442.14
2026-09-04,私域社群,配件耗材,10,694.05,15.27,42,285.09
2026-09-04,老客复购,香薰蜡烛,7,1155.01,31.19,46,606.87
2026-09-04,老客复购,家居香氛,5,1056.6,26.42,42,535.7
2026-09-04,老客复购,车载香氛,9,1184.9,60.43,47,528.5
2026-09-04,老客复购,礼盒套装,3,1079.03,18.34,43,625.81
2026-09-04,老客复购,配件耗材,12,796.7,17.53,32,327.25
2026-09-05,自然流量,香薰蜡烛,27,4460.23,120.43,0,2343.49
2026-09-05,自然流量,家居香氛,19,4204.52,105.11,0,2131.69
2026-09-05,自然流量,车载香氛,30,3668.53,187.09,0,1636.27
2026-09-05,自然流量,礼盒套装,6,2076.09,35.29,0,1204.07
2026-09-05,自然流量,配件耗材,21,1408.39,30.98,0,578.51
2026-09-05,信息流投放,香薰蜡烛,17,2778.46,75.02,1056,1459.86
2026-09-05,信息流投放,家居香氛,12,2664.25,66.61,1012,1350.77
2026-09-05,信息流投放,车载香氛,25,3276.73,167.11,1245,1461.52
2026-09-05,信息流投放,礼盒套装,5,1916.05,32.57,728,1111.25
2026-09-05,信息流投放,配件耗材,9,623.97,13.73,237,256.3
2026-09-05,私域社群,香薰蜡烛,10,1746.81,47.16,105,917.81
2026-09-05,私域社群,家居香氛,8,1648.42,41.21,99,835.75
2026-09-05,私域社群,车载香氛,6,756.61,38.59,45,337.47
2026-09-05,私域社群,礼盒套装,8,2999.03,50.98,180,1739.35
2026-09-05,私域社群,配件耗材,12,839.91,18.48,50,345.0
2026-09-05,老客复购,香薰蜡烛,8,1354.14,36.56,54,711.49
2026-09-05,老客复购,家居香氛,7,1476.03,36.9,59,748.34
2026-09-05,老客复购,车载香氛,9,1133.63,57.82,45,505.63
2026-09-05,老客复购,礼盒套装,3,1153.7,19.61,46,669.11
2026-09-05,老客复购,配件耗材,15,1061.96,23.36,42,436.21
2026-09-06,自然流量,香薰蜡烛,26,4359.14,117.7,0,2290.38
2026-09-06,自然流量,家居香氛,19,4157.5,103.94,0,2107.85
2026-09-06,自然流量,车载香氛,30,3815.84,194.61,0,1701.98
2026-09-06,自然流量,礼盒套装,6,2108.69,35.85,0,1222.98
2026-09-06,自然流量,配件耗材,19,1274.75,28.04,0,523.62
2026-09-06,信息流投放,香薰蜡烛,18,2909.87,78.57,1106,1528.91
2026-09-06,信息流投放,家居香氛,12,2635.73,65.89,1002,1336.32
2026-09-06,信息流投放,车载香氛,22,2782.82,141.92,1057,1241.22
2026-09-06,信息流投放,礼盒套装,4,1505.77,25.6,572,873.3
2026-09-06,信息流投放,配件耗材,8,521.61,11.48,198,214.26
2026-09-06,私域社群,香薰蜡烛,10,1593.83,43.03,96,837.43
2026-09-06,私域社群,家居香氛,8,1705.18,42.63,102,864.53
2026-09-06,私域社群,车载香氛,7,929.0,47.38,56,414.36
2026-09-06,私域社群,礼盒套装,8,2815.08,47.86,169,1632.66
2026-09-06,私域社群,配件耗材,12,865.96,19.05,52,355.7
2026-09-06,老客复购,香薰蜡烛,8,1400.53,37.81,56,735.86
2026-09-06,老客复购,家居香氛,6,1294.2,32.36,52,656.16
2026-09-06,老客复购,车载香氛,9,1184.95,60.43,47,528.52
2026-09-06,老客复购,礼盒套装,3,1055.3,17.94,42,612.04
2026-09-06,老客复购,配件耗材,14,987.33,21.72,39,405.56
2026-09-07,自然流量,香薰蜡烛,21,3626.77,97.92,0,1905.58
2026-09-07,自然流量,家居香氛,13,2958.56,73.96,0,1499.99
2026-09-07,自然流量,车载香氛,23,3081.38,157.15,0,1374.39
2026-09-07,自然流量,礼盒套装,4,1433.72,24.37,0,831.51
2026-09-07,自然流量,配件耗材,16,1117.35,24.58,0,458.96
2026-09-07,信息流投放,香薰蜡烛,12,2051.16,55.38,779,1077.72
2026-09-07,信息流投放,家居香氛,8,1717.31,42.93,653,870.67
2026-09-07,信息流投放,车载香氛,16,2013.38,102.68,765,898.03
2026-09-07,信息流投放,礼盒套装,3,1096.83,18.65,417,636.13
2026-09-07,信息流投放,配件耗材,7,460.14,10.12,175,189.01
2026-09-07,私域社群,香薰蜡烛,7,1177.4,31.79,71,618.63
2026-09-07,私域社群,家居香氛,7,1588.61,39.72,95,805.42
2026-09-07,私域社群,车载香氛,5,676.9,34.52,41,301.92
2026-09-07,私域社群,礼盒套装,6,2179.45,37.05,131,1264.02
2026-09-07,私域社群,配件耗材,9,636.71,14.01,38,261.53
2026-09-07,老客复购,香薰蜡烛,6,1010.86,27.29,40,531.13
2026-09-07,老客复购,家居香氛,4,865.96,21.65,35,439.04
2026-09-07,老客复购,车载香氛,7,923.65,47.11,37,411.98
2026-09-07,老客复购,礼盒套装,2,695.74,11.83,28,403.51
2026-09-07,老客复购,配件耗材,10,691.95,15.22,28,284.22
2026-09-08,自然流量,香薰蜡烛,19,3052.21,82.41,0,1603.69
2026-09-08,自然流量,家居香氛,13,2819.59,70.49,0,1429.53
2026-09-08,自然流量,车载香氛,23,3060.11,156.07,0,1364.9
2026-09-08,自然流量,礼盒套装,5,1821.13,30.96,0,1056.2
2026-09-08,自然流量,配件耗材,15,1028.87,22.64,0,422.62
2026-09-08,信息流投放,香薰蜡烛,12,1905.51,51.45,724,1001.19
2026-09-08,信息流投放,家居香氛,9,1920.9,48.02,730,973.9
2026-09-08,信息流投放,车载香氛,18,2176.24,110.99,827,970.67
2026-09-08,信息流投放,礼盒套装,3,1048.75,17.83,399,608.25
2026-09-08,信息流投放,配件耗材,6,433.25,9.53,165,177.96
2026-09-08,私域社群,香薰蜡烛,8,1413.61,38.17,85,742.74
2026-09-08,私域社群,家居香氛,6,1375.27,34.38,83,697.26
2026-09-08,私域社群,车载香氛,5,646.38,32.97,39,288.3
2026-09-08,私域社群,礼盒套装,6,2302.37,39.14,138,1335.31
2026-09-08,私域社群,配件耗材,9,657.21,14.46,39,269.95
2026-09-08,老客复购,香薰蜡烛,6,953.1,25.73,38,500.78
2026-09-08,老客复购,家居香氛,5,1128.49,28.21,45,572.15
2026-09-08,老客复购,车载香氛,7,907.08,46.26,36,404.59
2026-09-08,老客复购,礼盒套装,2,716.95,12.19,29,415.81
2026-09-08,老客复购,配件耗材,10,728.98,16.04,29,299.44
2026-09-09,自然流量,香薰蜡烛,20,3510.69,94.79,0,1844.59
2026-09-09,自然流量,家居香氛,13,2943.88,73.6,0,1492.55
2026-09-09,自然流量,车载香氛,23,2771.08,141.33,0,1235.99
2026-09-09,自然流量,礼盒套装,5,1853.35,31.51,0,1074.88
2026-09-09,自然流量,配件耗材,15,1009.12,22.2,0,414.5
2026-09-09,信息流投放,香薰蜡烛,13,2267.98,61.24,862,1191.64
2026-09-09,信息流投放,家居香氛,8,1849.83,46.25,703,937.86
2026-09-09,信息流投放,车载香氛,19,2474.8,126.21,940,1103.84
2026-09-09,信息流投放,礼盒套装,3,1077.0,18.31,409,624.63
2026-09-09,信息流投放,配件耗材,6,432.35,9.51,164,177.59
2026-09-09,私域社群,香薰蜡烛,7,1159.98,31.32,70,609.47
2026-09-09,私域社群,家居香氛,7,1532.41,38.31,92,776.93
2026-09-09,私域社群,车载香氛,5,637.35,32.5,38,284.28
2026-09-09,私域社群,礼盒套装,6,2285.48,38.85,137,1325.51
2026-09-09,私域社群,配件耗材,9,658.21,14.48,39,270.37
2026-09-09,老客复购,香薰蜡烛,6,1064.6,28.74,43,559.36
2026-09-09,老客复购,家居香氛,5,1136.29,28.41,45,576.1
2026-09-09,老客复购,车载香氛,7,941.9,48.04,38,420.12
2026-09-09,老客复购,礼盒套装,2,745.83,12.68,30,432.56
2026-09-09,老客复购,配件耗材,10,660.43,14.53,26,271.28
2026-09-10,自然流量,香薰蜡烛,21,3545.96,95.74,0,1863.12
2026-09-10,自然流量,家居香氛,12,2754.73,68.87,0,1396.65
2026-09-10,自然流量,车载香氛,21,2694.42,137.42,0,1201.79
2026-09-10,自然流量,礼盒套装,5,1853.68,31.51,0,1075.08
2026-09-10,自然流量,配件耗材,16,1126.92,24.79,0,462.89
2026-09-10,信息流投放,香薰蜡烛,13,2304.51,62.22,876,1210.84
2026-09-10,信息流投放,家居香氛,9,2008.32,50.21,763,1018.22
2026-09-10,信息流投放,车载香氛,17,2210.58,112.74,840,985.99
2026-09-10,信息流投放,礼盒套装,3,1085.7,18.46,413,629.67
2026-09-10,信息流投放,配件耗材,7,487.95,10.74,185,200.43
2026-09-10,私域社群,香薰蜡烛,7,1244.93,33.61,75,654.11
2026-09-10,私域社群,家居香氛,6,1365.12,34.13,82,692.11
2026-09-10,私域社群,车载香氛,4,527.99,26.93,32,235.5
2026-09-10,私域社群,礼盒套装,6,2319.02,39.42,139,1344.96
2026-09-10,私域社群,配件耗材,9,602.66,13.26,36,247.55
2026-09-10,老客复购,香薰蜡烛,5,846.27,22.85,34,444.65
2026-09-10,老客复购,家居香氛,4,866.23,21.66,35,439.18
2026-09-10,老客复购,车载香氛,7,863.62,44.04,35,385.2
2026-09-10,老客复购,礼盒套装,2,757.38,12.88,30,439.26
2026-09-10,老客复购,配件耗材,10,726.94,15.99,29,298.6
2026-09-11,自然流量,香薰蜡烛,22,3561.79,96.17,0,1871.44
2026-09-11,自然流量,家居香氛,15,3468.38,86.71,0,1758.47
2026-09-11,自然流量,车载香氛,25,3021.56,154.1,0,1347.71
2026-09-11,自然流量,礼盒套装,5,1791.83,30.46,0,1039.21
2026-09-11,自然流量,配件耗材,18,1226.99,26.99,0,504.0
2026-09-11,信息流投放,香薰蜡烛,16,2657.51,71.75,1010,1396.31
2026-09-11,信息流投放,家居香氛,11,2303.65,57.59,875,1167.95
2026-09-11,信息流投放,车载香氛,21,2637.08,134.49,1002,1176.22
2026-09-11,信息流投放,礼盒套装,4,1486.01,25.26,565,861.84
2026-09-11,信息流投放,配件耗材,8,581.59,12.79,221,238.89
2026-09-11,私域社群,香薰蜡烛,8,1298.93,35.07,78,682.48
2026-09-11,私域社群,家居香氛,7,1505.62,37.64,90,763.35
2026-09-11,私域社群,车载香氛,6,793.79,40.48,48,354.05
2026-09-11,私域社群,礼盒套装,7,2515.02,42.76,151,1458.64
2026-09-11,私域社群,配件耗材,10,670.82,14.76,40,275.55
2026-09-11,老客复购,香薰蜡烛,6,1002.32,27.06,40,526.64
2026-09-11,老客复购,家居香氛,6,1368.3,34.21,55,693.73
2026-09-11,老客复购,车载香氛,8,997.65,50.88,40,444.98
2026-09-11,老客复购,礼盒套装,3,1096.31,18.64,44,635.83
2026-09-11,老客复购,配件耗材,12,826.97,18.19,33,339.69
2026-09-12,自然流量,香薰蜡烛,28,4616.46,124.64,0,2425.58
2026-09-12,自然流量,家居香氛,18,3978.3,99.46,0,2017.0
2026-09-12,自然流量,车载香氛,30,4052.31,206.67,0,1807.45
2026-09-12,自然流量,礼盒套装,6,2124.31,36.11,0,1232.04
2026-09-12,自然流量,配件耗材,21,1465.81,32.25,0,602.1
2026-09-12,信息流投放,香薰蜡烛,18,3186.45,86.03,1211,1674.23
2026-09-12,信息流投放,家居香氛,12,2557.34,63.93,972,1296.57
2026-09-12,信息流投放,车载香氛,22,2671.58,136.25,1015,1191.6
2026-09-12,信息流投放,礼盒套装,4,1381.49,23.49,525,801.22
2026-09-12,信息流投放,配件耗材,9,645.41,14.2,245,265.11
2026-09-12,私域社群,香薰蜡烛,9,1443.68,38.98,87,758.54
2026-09-12,私域社群,家居香氛,8,1663.1,41.58,100,843.19
2026-09-12,私域社群,车载香氛,7,942.95,48.09,57,420.58
2026-09-12,私域社群,礼盒套装,8,2812.64,47.81,169,1631.25
2026-09-12,私域社群,配件耗材,11,734.37,16.16,44,301.65
2026-09-12,老客复购,香薰蜡烛,8,1353.33,36.54,54,711.06
2026-09-12,老客复购,家居香氛,6,1338.16,33.45,54,678.45
2026-09-12,老客复购,车载香氛,9,1136.64,57.97,45,506.97
2026-09-12,老客复购,礼盒套装,3,1040.18,17.68,42,603.27
2026-09-12,老客复购,配件耗材,14,952.15,20.95,38,391.11
2026-09-13,自然流量,香薰蜡烛,28,4698.58,126.86,0,2468.73
2026-09-13,自然流量,家居香氛,17,3658.14,91.45,0,1854.68
2026-09-13,自然流量,车载香氛,31,3930.07,200.43,0,1752.93
2026-09-13,自然流量,礼盒套装,6,2221.13,37.76,0,1288.19
2026-09-13,自然流量,配件耗材,22,1539.56,33.87,0,632.39
2026-09-13,信息流投放,香薰蜡烛,17,2816.4,76.04,1070,1479.79
2026-09-13,信息流投放,家居香氛,12,2554.61,63.87,971,1295.19
2026-09-13,信息流投放,车载香氛,22,2981.7,152.07,1133,1329.93
2026-09-13,信息流投放,礼盒套装,4,1455.32,24.74,553,844.04
2026-09-13,信息流投放,配件耗材,8,525.77,11.57,200,215.97
2026-09-13,私域社群,香薰蜡烛,10,1680.57,45.38,101,883.0
2026-09-13,私域社群,家居香氛,9,2019.12,50.48,121,1023.69
2026-09-13,私域社群,车载香氛,6,811.49,41.39,49,361.95
2026-09-13,私域社群,礼盒套装,9,3145.73,53.48,189,1824.43
2026-09-13,私域社群,配件耗材,11,768.84,16.91,46,315.81
2026-09-13,老客复购,香薰蜡烛,8,1277.19,34.48,51,671.06
2026-09-13,老客复购,家居香氛,6,1382.49,34.56,55,700.92
2026-09-13,老客复购,车载香氛,10,1323.67,67.51,53,590.4
2026-09-13,老客复购,礼盒套装,3,1118.79,19.02,45,648.87
2026-09-13,老客复购,配件耗材,15,979.88,21.56,39,402.5
2026-09-14,自然流量,香薰蜡烛,21,3408.75,92.04,0,1791.02
2026-09-14,自然流量,家居香氛,14,3113.32,77.83,0,1578.46
2026-09-14,自然流量,车载香氛,23,2774.49,141.5,0,1237.51
2026-09-14,自然流量,礼盒套装,5,1867.59,31.75,0,1083.14
2026-09-14,自然流量,配件耗材,16,1097.18,24.14,0,450.68
2026-09-14,信息流投放,香薰蜡烛,12,1897.98,51.25,721,997.24
2026-09-14,信息流投放,家居香氛,9,1898.82,47.47,722,962.7
2026-09-14,信息流投放,车载香氛,17,2197.51,112.07,835,980.16
2026-09-14,信息流投放,礼盒套装,3,1142.98,19.43,434,662.9
2026-09-14,信息流投放,配件耗材,6,404.57,8.9,154,166.18
2026-09-14,私域社群,香薰蜡烛,7,1178.44,31.82,71,619.18
2026-09-14,私域社群,家居香氛,6,1257.18,31.43,75,637.39
2026-09-14,私域社群,车载香氛,5,674.89,34.42,40,301.02
2026-09-14,私域社群,礼盒套装,6,2230.43,37.92,134,1293.58
2026-09-14,私域社群,配件耗材,8,577.4,12.7,35,237.17
2026-09-14,老客复购,香薰蜡烛,6,995.18,26.87,40,522.89
2026-09-14,老客复购,家居香氛,4,889.6,22.24,36,451.03
2026-09-14,老客复购,车载香氛,7,895.74,45.68,36,399.52
2026-09-14,老客复购,礼盒套装,2,715.38,12.16,29,414.9
2026-09-14,老客复购,配件耗材,11,784.39,17.26,31,322.2
2026-09-15,自然流量,香薰蜡烛,18,2965.35,80.06,0,1558.05
2026-09-15,自然流量,家居香氛,14,2894.28,72.36,0,1467.4
2026-09-15,自然流量,车载香氛,22,2975.74,151.76,0,1327.27
2026-09-15,自然流量,礼盒套装,5,1920.12,32.64,0,1113.61
2026-09-15,自然流量,配件耗材,16,1103.87,24.29,0,453.43
2026-09-15,信息流投放,香薰蜡烛,18,2925.63,78.99,1112,1537.18
2026-09-15,信息流投放,家居香氛,12,2651.66,66.29,1008,1344.39
2026-09-15,信息流投放,车载香氛,27,3583.7,182.77,1362,1598.44
2026-09-15,信息流投放,礼盒套装,5,1730.64,29.42,658,1003.72
2026-09-15,信息流投放,配件耗材,10,665.56,14.64,253,273.38
2026-09-15,私域社群,香薰蜡烛,12,1901.55,51.34,114,999.11
2026-09-15,私域社群,家居香氛,10,2098.04,52.45,126,1063.71
2026-09-15,私域社群,车载香氛,8,1082.08,55.19,65,482.64
2026-09-15,私域社群,礼盒套装,9,3303.04,56.15,198,1915.66
2026-09-15,私域社群,配件耗材,12,850.2,18.7,51,349.23
2026-09-15,老客复购,香薰蜡烛,7,1245.11,33.62,50,654.21
2026-09-15,老客复购,家居香氛,6,1389.05,34.73,56,704.25
2026-09-15,老客复购,车载香氛,8,1047.07,53.4,42,467.03
2026-09-15,老客复购,礼盒套装,3,1099.33,18.69,44,637.58
2026-09-15,老客复购,配件耗材,12,822.9,18.1,33,338.01
2026-09-16,自然流量,香薰蜡烛,21,3323.65,89.74,0,1746.31
2026-09-16,自然流量,家居香氛,12,2675.67,66.89,0,1356.57
2026-09-16,自然流量,车载香氛,23,3052.32,155.67,0,1361.43
2026-09-16,自然流量,礼盒套装,5,1883.15,32.01,0,1092.17
2026-09-16,自然流量,配件耗材,16,1147.88,25.25,0,471.5
2026-09-16,信息流投放,香薰蜡烛,21,3599.55,97.19,1368,1891.28
2026-09-16,信息流投放,家居香氛,12,2651.07,66.28,1007,1344.09
2026-09-16,信息流投放,车载香氛,27,3522.78,179.66,1339,1571.27
2026-09-16,信息流投放,礼盒套装,5,1862.13,31.66,708,1079.98
2026-09-16,信息流投放,配件耗材,10,685.13,15.07,260,281.42
2026-09-16,私域社群,香薰蜡烛,11,1843.39,49.77,111,968.56
2026-09-16,私域社群,家居香氛,10,2060.28,51.51,124,1044.56
2026-09-16,私域社群,车载香氛,8,1027.28,52.39,62,458.2
2026-09-16,私域社群,礼盒套装,9,3423.14,58.19,205,1985.32
2026-09-16,私域社群,配件耗材,14,930.03,20.46,56,382.02
2026-09-16,老客复购,香薰蜡烛,7,1210.3,32.68,48,635.91
2026-09-16,老客复购,家居香氛,6,1238.64,30.97,50,627.99
2026-09-16,老客复购,车载香氛,8,995.37,50.76,40,443.96
2026-09-16,老客复购,礼盒套装,3,1039.96,17.68,42,603.15
2026-09-16,老客复购,配件耗材,12,813.61,17.9,33,334.2
2026-09-17,自然流量,香薰蜡烛,20,3480.32,93.97,0,1828.63
2026-09-17,自然流量,家居香氛,13,2913.51,72.84,0,1477.15
2026-09-17,自然流量,车载香氛,24,3111.09,158.67,0,1387.64
2026-09-17,自然流量,礼盒套装,5,1897.82,32.26,0,1100.68
2026-09-17,自然流量,配件耗材,16,1169.92,25.74,0,480.56
2026-09-17,信息流投放,香薰蜡烛,18,2962.54,79.99,1126,1556.58
2026-09-17,信息流投放,家居香氛,13,2966.62,74.17,1127,1504.07
2026-09-17,信息流投放,车载香氛,25,3362.96,171.51,1278,1499.98
2026-09-17,信息流投放,礼盒套装,5,1804.91,30.68,686,1046.79
2026-09-17,信息流投放,配件耗材,10,727.42,16.0,276,298.8
2026-09-17,私域社群,香薰蜡烛,10,1627.18,43.93,98,854.95
2026-09-17,私域社群,家居香氛,9,2007.09,50.18,120,1017.6
2026-09-17,私域社群,车载香氛,7,896.95,45.74,54,400.07
2026-09-17,私域社群,礼盒套装,9,3153.33,53.61,189,1828.83
2026-09-17,私域社群,配件耗材,13,894.9,19.69,54,367.59
2026-09-17,老客复购,香薰蜡烛,7,1195.83,32.29,48,628.31
2026-09-17,老客复购,家居香氛,5,1113.59,27.84,45,564.59
2026-09-17,老客复购,车载香氛,8,1070.91,54.62,43,477.66
2026-09-17,老客复购,礼盒套装,3,1128.28,19.18,45,654.37
2026-09-17,老客复购,配件耗材,12,868.8,19.11,35,356.87
2026-09-18,自然流量,香薰蜡烛,21,3404.74,91.93,0,1788.92
2026-09-18,自然流量,家居香氛,15,3366.83,84.17,0,1706.98
2026-09-18,自然流量,车载香氛,27,3250.48,165.77,0,1449.81
2026-09-18,自然流量,礼盒套装,5,1820.99,30.96,0,1056.12
2026-09-18,自然流量,配件耗材,18,1221.75,26.88,0,501.85
2026-09-18,信息流投放,香薰蜡烛,22,3773.1,101.87,1434,1982.46
2026-09-18,信息流投放,家居香氛,14,2992.18,74.8,1137,1517.03
2026-09-18,信息流投放,车载香氛,32,3905.77,199.19,1484,1742.09
2026-09-18,信息流投放,礼盒套装,6,2065.79,35.12,785,1198.09
2026-09-18,信息流投放,配件耗材,12,816.36,17.96,310,335.33
2026-09-18,私域社群,香薰蜡烛,12,2019.07,54.51,121,1060.86
2026-09-18,私域社群,家居香氛,10,2116.6,52.92,127,1073.12
2026-09-18,私域社群,车载香氛,9,1216.8,62.06,73,542.73
2026-09-18,私域社群,礼盒套装,11,4123.14,70.09,247,2391.3
2026-09-18,私域社群,配件耗材,16,1114.0,24.51,67,457.59
2026-09-18,老客复购,香薰蜡烛,8,1376.06,37.15,55,723.01
2026-09-18,老客复购,家居香氛,6,1357.48,33.94,54,688.24
2026-09-18,老客复购,车载香氛,10,1226.16,62.53,49,546.9
2026-09-18,老客复购,礼盒套装,3,1134.19,19.28,45,657.79
2026-09-18,老客复购,配件耗材,14,920.81,20.26,37,378.23
2026-09-19,自然流量,香薰蜡烛,26,4517.35,121.97,0,2373.51
2026-09-19,自然流量,家居香氛,17,3838.9,95.97,0,1946.32
2026-09-19,自然流量,车载香氛,27,3344.64,170.58,0,1491.81
2026-09-19,自然流量,礼盒套装,17,5851.46,99.47,0,3393.67
2026-09-19,自然流量,配件耗材,21,1489.52,32.77,0,611.84
2026-09-19,信息流投放,香薰蜡烛,26,4125.02,111.38,1568,2167.37
2026-09-19,信息流投放,家居香氛,17,3526.72,88.17,1340,1788.05
2026-09-19,信息流投放,车载香氛,33,4367.96,222.77,1660,1948.24
2026-09-19,信息流投放,礼盒套装,18,6592.09,112.07,2505,3823.22
2026-09-19,信息流投放,配件耗材,13,923.26,20.31,351,379.24
2026-09-19,私域社群,香薰蜡烛,15,2606.13,70.37,156,1369.31
2026-09-19,私域社群,家居香氛,12,2648.82,66.22,159,1342.95
2026-09-19,私域社群,车载香氛,10,1258.04,64.16,75,561.12
2026-09-19,私域社群,礼盒套装,32,12310.43,209.28,739,7139.68
2026-09-19,私域社群,配件耗材,17,1140.15,25.08,68,468.33
2026-09-19,老客复购,香薰蜡烛,9,1460.12,39.42,58,767.18
2026-09-19,老客复购,家居香氛,7,1606.55,40.16,64,814.52
2026-09-19,老客复购,车载香氛,11,1459.16,74.42,58,650.83
2026-09-19,老客复购,礼盒套装,10,3521.91,59.87,141,2042.6
2026-09-19,老客复购,配件耗材,17,1136.84,25.01,45,466.97
2026-09-20,自然流量,香薰蜡烛,29,4942.27,133.44,0,2596.77
2026-09-20,自然流量,家居香氛,19,4125.86,103.15,0,2091.81
2026-09-20,自然流量,车载香氛,31,4068.04,207.47,0,1814.47
2026-09-20,自然流量,礼盒套装,17,6184.77,105.14,0,3586.98
2026-09-20,自然流量,配件耗材,21,1427.66,31.41,0,586.42
2026-09-20,信息流投放,香薰蜡烛,28,4459.7,120.41,1695,2343.22
2026-09-20,信息流投放,家居香氛,17,3613.99,90.35,1373,1832.29
2026-09-20,信息流投放,车载香氛,33,4176.99,213.03,1587,1863.06
2026-09-20,信息流投放,礼盒套装,18,6466.04,109.92,2457,3750.11
2026-09-20,信息流投放,配件耗材,12,844.12,18.57,321,346.73
2026-09-20,私域社群,香薰蜡烛,14,2280.78,61.58,137,1198.37
2026-09-20,私域社群,家居香氛,13,3009.59,75.24,181,1525.86
2026-09-20,私域社群,车载香氛,10,1344.37,68.56,81,599.63
2026-09-20,私域社群,礼盒套装,33,12399.77,210.8,744,7191.5
2026-09-20,私域社群,配件耗材,18,1229.74,27.05,74,505.13
2026-09-20,老客复购,香薰蜡烛,9,1535.81,41.47,61,806.95
2026-09-20,老客复购,家居香氛,7,1536.28,38.41,61,778.89
2026-09-20,老客复购,车载香氛,12,1597.85,81.49,64,712.69
2026-09-20,老客复购,礼盒套装,10,3741.41,63.6,150,2169.91
2026-09-20,老客复购,配件耗材,18,1191.61,26.22,48,489.47
2026-09-21,自然流量,香薰蜡烛,21,3538.07,95.53,0,1858.97
2026-09-21,自然流量,家居香氛,13,2731.02,68.28,0,1384.63
2026-09-21,自然流量,车载香氛,21,2787.89,142.18,0,1243.48
2026-09-21,自然流量,礼盒套装,12,4130.92,70.23,0,2395.81
2026-09-21,自然流量,配件耗材,16,1048.23,23.06,0,430.57
2026-09-21,信息流投放,香薰蜡烛,21,3528.69,95.27,1341,1854.04
2026-09-21,信息流投放,家居香氛,14,3087.1,77.18,1173,1565.16
2026-09-21,信息流投放,车载香氛,25,3211.78,163.8,1220,1432.55
2026-09-21,信息流投放,礼盒套装,14,4827.61,82.07,1834,2799.87
2026-09-21,信息流投放,配件耗材,10,678.78,14.93,258,278.82
2026-09-21,私域社群,香薰蜡烛,10,1633.62,44.11,98,858.33
2026-09-21,私域社群,家居香氛,9,1994.8,49.87,120,1011.36
2026-09-21,私域社群,车载香氛,7,928.62,47.36,56,414.19
2026-09-21,私域社群,礼盒套装,27,10438.05,177.45,626,6053.75
2026-09-21,私域社群,配件耗材,14,959.78,21.12,58,394.24
2026-09-21,老客复购,香薰蜡烛,7,1108.6,29.93,44,582.48
2026-09-21,老客复购,家居香氛,5,1077.29,26.93,43,546.19
2026-09-21,老客复购,车载香氛,8,1012.99,51.66,41,451.82
2026-09-21,老客复购,礼盒套装,8,3003.23,51.05,120,1741.79
2026-09-21,老客复购,配件耗材,12,865.81,19.05,35,355.64
2026-09-22,自然流量,香薰蜡烛,21,3475.41,93.84,0,1826.05
2026-09-22,自然流量,家居香氛,12,2522.22,63.06,0,1278.77
2026-09-22,自然流量,车载香氛,23,2780.59,141.81,0,1240.23
2026-09-22,自然流量,礼盒套装,12,4160.67,70.73,0,2413.06
2026-09-22,自然流量,配件耗材,16,1116.17,24.56,0,458.48
2026-09-22,信息流投放,香薰蜡烛,13,2099.07,56.67,798,1102.89
2026-09-22,信息流投放,家居香氛,9,1902.07,47.55,723,964.35
2026-09-22,信息流投放,车载香氛,19,2454.69,125.19,933,1094.86
2026-09-22,信息流投放,礼盒套装,10,3657.0,62.17,1390,2120.95
2026-09-22,信息流投放,配件耗材,7,477.23,10.5,181,196.03
2026-09-22,私域社群,香薰蜡烛,7,1117.2,30.16,67,587.0
2026-09-22,私域社群,家居香氛,6,1261.73,31.54,76,639.7
2026-09-22,私域社群,车载香氛,5,665.28,33.93,40,296.74
2026-09-22,私域社群,礼盒套装,17,6290.39,106.94,377,3648.24
2026-09-22,私域社群,配件耗材,9,641.78,14.12,39,263.62
2026-09-22,老客复购,香薰蜡烛,6,1017.68,27.48,41,534.71
2026-09-22,老客复购,家居香氛,5,1119.84,28.0,45,567.76
2026-09-22,老客复购,车载香氛,6,787.44,40.16,31,351.22
2026-09-22,老客复购,礼盒套装,7,2649.62,45.04,106,1536.7
2026-09-22,老客复购,配件耗材,10,690.99,15.2,28,283.83
2026-09-23,自然流量,香薰蜡烛,19,3047.34,82.28,0,1601.13
2026-09-23,自然流量,家居香氛,13,2806.8,70.17,0,1423.05
2026-09-23,自然流量,车载香氛,24,3190.93,162.74,0,1423.25
2026-09-23,自然流量,礼盒套装,13,4891.33,83.15,0,2836.82
2026-09-23,自然流量,配件耗材,14,984.81,21.67,0,404.52
2026-09-23,信息流投放,香薰蜡烛,12,2015.94,54.43,766,1059.22
2026-09-23,信息流投放,家居香氛,8,1656.49,41.41,629,839.84
2026-09-23,信息流投放,车载香氛,18,2300.9,117.35,874,1026.27
2026-09-23,信息流投放,礼盒套装,9,3398.79,57.78,1292,1971.2
2026-09-23,信息流投放,配件耗材,6,437.95,9.63,166,179.89
2026-09-23,私域社群,香薰蜡烛,7,1172.4,31.65,70,616.0
2026-09-23,私域社群,家居香氛,7,1463.8,36.59,88,742.14
2026-09-23,私域社群,车载香氛,5,639.2,32.6,38,285.1
2026-09-23,私域社群,礼盒套装,18,6320.72,107.45,379,3665.83
2026-09-23,私域社群,配件耗材,8,537.05,11.82,32,220.6
2026-09-23,老客复购,香薰蜡烛,6,963.12,26.0,39,506.04
2026-09-23,老客复购,家居香氛,5,1061.85,26.55,42,538.36
2026-09-23,老客复购,车载香氛,7,904.51,46.13,36,403.44
2026-09-23,老客复购,礼盒套装,6,2107.99,35.84,84,1222.57
2026-09-23,老客复购,配件耗材,11,762.33,16.77,30,313.13
2026-09-24,自然流量,香薰蜡烛,19,3247.88,87.69,0,1706.5
2026-09-24,自然流量,家居香氛,13,2917.36,72.93,0,1479.1
2026-09-24,自然流量,车载香氛,22,2706.27,138.02,0,1207.08
2026-09-24,自然流量,礼盒套装,12,4180.73,71.07,0,2424.7
2026-09-24,自然流量,配件耗材,16,1117.56,24.59,0,459.05
2026-09-24,信息流投放,香薰蜡烛,12,2134.06,57.62,811,1121.28
2026-09-24,信息流投放,家居香氛,8,1809.33,45.23,688,917.33
2026-09-24,信息流投放,车载香氛,18,2249.57,114.73,855,1003.38
2026-09-24,信息流投放,礼盒套装,10,3701.06,62.92,1406,2146.5
2026-09-24,信息流投放,配件耗材,6,426.06,9.37,162,175.01
2026-09-24,私域社群,香薰蜡烛,7,1152.01,31.1,69,605.29
2026-09-24,私域社群,家居香氛,7,1515.48,37.89,91,768.35
2026-09-24,私域社群,车载香氛,5,670.91,34.22,40,299.25
2026-09-24,私域社群,礼盒套装,16,5984.95,101.74,359,3471.09
2026-09-24,私域社群,配件耗材,8,562.68,12.38,34,231.13
2026-09-24,老客复购,香薰蜡烛,6,957.77,25.86,38,503.23
2026-09-24,老客复购,家居香氛,5,1030.87,25.77,41,522.65
2026-09-24,老客复购,车载香氛,7,889.37,45.36,36,396.69
2026-09-24,老客复购,礼盒套装,6,2262.99,38.47,91,1312.47
2026-09-24,老客复购,配件耗材,11,745.24,16.4,30,306.12
2026-09-25,自然流量,香薰蜡烛,22,3657.92,98.76,0,1921.95
2026-09-25,自然流量,家居香氛,16,3545.02,88.63,0,1797.33
2026-09-25,自然流量,车载香氛,26,3355.34,171.12,0,1496.58
2026-09-25,自然流量,礼盒套装,14,4939.09,83.96,0,2864.52
2026-09-25,自然流量,配件耗材,18,1285.74,28.29,0,528.13
2026-09-25,信息流投放,香薰蜡烛,14,2424.81,65.47,921,1274.05
2026-09-25,信息流投放,家居香氛,10,2084.82,52.12,792,1057.01
2026-09-25,信息流投放,车载香氛,19,2559.15,130.52,972,1141.46
2026-09-25,信息流投放,礼盒套装,11,4169.23,70.88,1584,2418.03
2026-09-25,信息流投放,配件耗材,8,569.3,12.52,216,233.85
2026-09-25,私域社群,香薰蜡烛,8,1393.28,37.62,84,732.06
2026-09-25,私域社群,家居香氛,7,1517.53,37.94,91,769.39
2026-09-25,私域社群,车载香氛,6,740.32,37.76,44,330.2
2026-09-25,私域社群,礼盒套装,20,7260.61,123.43,436,4210.94
2026-09-25,私域社群,配件耗材,10,678.59,14.93,41,278.74
2026-09-25,老客复购,香薰蜡烛,7,1225.0,33.07,49,643.64
2026-09-25,老客复购,家居香氛,6,1296.1,32.4,52,657.12
2026-09-25,老客复购,车载香氛,9,1111.2,56.67,44,495.63
2026-09-25,老客复购,礼盒套装,7,2691.25,45.75,108,1560.85
2026-09-25,老客复购,配件耗材,11,753.4,16.57,30,309.46
2026-09-26,自然流量,香薰蜡烛,26,4342.22,117.24,0,2281.49
2026-09-26,自然流量,家居香氛,19,3920.57,98.01,0,1987.73
2026-09-26,自然流量,车载香氛,30,3632.39,185.25,0,1620.16
2026-09-26,自然流量,礼盒套装,3,1097.96,18.67,0,636.79
2026-09-26,自然流量,配件耗材,22,1501.12,33.02,0,616.6
2026-09-26,信息流投放,香薰蜡烛,17,3018.76,81.51,1147,1586.12
2026-09-26,信息流投放,家居香氛,11,2370.36,59.26,901,1201.77
2026-09-26,信息流投放,车载香氛,23,2831.33,144.4,1076,1262.86
2026-09-26,信息流投放,礼盒套装,2,721.35,12.26,274,418.36
2026-09-26,信息流投放,配件耗材,9,627.34,13.8,238,257.69
2026-09-26,私域社群,香薰蜡烛,10,1641.54,44.32,98,862.5
2026-09-26,私域社群,家居香氛,8,1652.47,41.31,99,837.8
2026-09-26,私域社群,车载香氛,6,756.11,38.56,45,337.25
2026-09-26,私域社群,礼盒套装,4,1511.16,25.69,91,876.43
2026-09-26,私域社群,配件耗材,12,833.12,18.33,50,342.21
2026-09-26,老客复购,香薰蜡烛,7,1226.35,33.11,49,644.35
2026-09-26,老客复购,家居香氛,6,1362.32,34.06,54,690.7
2026-09-26,老客复购,车载香氛,9,1191.6,60.77,48,531.49
2026-09-26,老客复购,礼盒套装,2,697.49,11.86,28,404.53
2026-09-26,老客复购,配件耗材,13,907.5,19.97,36,372.77
2026-09-27,自然流量,香薰蜡烛,27,4565.29,123.26,0,2398.69
2026-09-27,自然流量,家居香氛,19,3991.1,99.78,0,2023.49
2026-09-27,自然流量,车载香氛,30,3800.61,193.83,0,1695.19
2026-09-27,自然流量,礼盒套装,3,1110.66,18.88,0,644.15
2026-09-27,自然流量,配件耗材,20,1345.56,29.6,0,552.7
2026-09-27,信息流投放,香薰蜡烛,17,2784.69,75.19,1058,1463.13
2026-09-27,信息流投放,家居香氛,11,2331.26,58.28,886,1181.95
2026-09-27,信息流投放,车载香氛,22,2723.06,138.88,1035,1214.57
2026-09-27,信息流投放,礼盒套装,2,726.75,12.35,276,421.49
2026-09-27,信息流投放,配件耗材,9,655.03,14.41,249,269.06
2026-09-27,私域社群,香薰蜡烛,10,1635.51,44.16,98,859.33
2026-09-27,私域社群,家居香氛,8,1740.39,43.51,104,882.38
2026-09-27,私域社群,车载香氛,7,946.02,48.25,57,421.95
2026-09-27,私域社群,礼盒套装,4,1512.32,25.71,91,877.1
2026-09-27,私域社群,配件耗材,11,776.38,17.08,47,318.9
2026-09-27,老客复购,香薰蜡烛,8,1383.97,37.37,55,727.16
2026-09-27,老客复购,家居香氛,6,1318.59,32.96,53,668.52
2026-09-27,老客复购,车载香氛,9,1087.89,55.48,44,485.23
2026-09-27,老客复购,礼盒套装,2,728.63,12.39,29,422.58
2026-09-27,老客复购,配件耗材,14,945.3,20.8,38,388.29
2026-09-28,自然流量,香薰蜡烛,21,3390.48,91.54,0,1781.42
2026-09-28,自然流量,家居香氛,13,2679.3,66.98,0,1358.4
2026-09-28,自然流量,车载香氛,22,2657.62,135.54,0,1185.38
2026-09-28,自然流量,礼盒套装,2,760.08,12.92,0,440.82
2026-09-28,自然流量,配件耗材,15,1040.46,22.89,0,427.38
2026-09-28,信息流投放,香薰蜡烛,12,2011.69,54.32,764,1056.98
2026-09-28,信息流投放,家居香氛,9,1934.75,48.37,735,980.92
2026-09-28,信息流投放,车载香氛,18,2318.3,118.23,881,1034.03
2026-09-28,信息流投放,礼盒套装,2,768.04,13.06,292,445.44
2026-09-28,信息流投放,配件耗材,7,486.59,10.7,185,199.87
2026-09-28,私域社群,香薰蜡烛,7,1230.19,33.22,74,646.37
2026-09-28,私域社群,家居香氛,6,1245.12,31.13,75,631.28
2026-09-28,私域社群,车载香氛,5,637.57,32.52,38,284.38
2026-09-28,私域社群,礼盒套装,3,1128.02,19.18,68,654.22
2026-09-28,私域社群,配件耗材,9,595.88,13.11,36,244.76
2026-09-28,老客复购,香薰蜡烛,6,991.54,26.77,40,520.97
2026-09-28,老客复购,家居香氛,5,1141.8,28.54,46,578.89
2026-09-28,老客复购,车载香氛,7,928.02,47.33,37,413.92
2026-09-28,老客复购,礼盒套装,1,377.24,6.41,15,218.79
2026-09-28,老客复购,配件耗材,11,724.13,15.93,29,297.44
2026-09-29,自然流量,香薰蜡烛,19,3281.09,88.59,0,1723.95
2026-09-29,自然流量,家居香氛,14,2908.6,72.72,0,1474.66
2026-09-29,自然流量,车载香氛,20,2463.05,125.62,0,1098.59
2026-09-29,自然流量,礼盒套装,2,774.26,13.16,0,449.05
2026-09-29,自然流量,配件耗材,15,1014.77,22.32,0,416.83
2026-09-29,信息流投放,香薰蜡烛,13,2159.47,58.31,821,1134.63
2026-09-29,信息流投放,家居香氛,9,2071.79,51.79,787,1050.4
2026-09-29,信息流投放,车载香氛,18,2341.66,119.42,890,1044.45
2026-09-29,信息流投放,礼盒套装,2,702.98,11.95,267,407.71
2026-09-29,信息流投放,配件耗材,7,482.9,10.62,184,198.36
2026-09-29,私域社群,香薰蜡烛,7,1186.51,32.04,71,623.42
2026-09-29,私域社群,家居香氛,6,1260.56,31.51,76,639.1
2026-09-29,私域社群,车载香氛,5,661.16,33.72,40,294.9
2026-09-29,私域社群,礼盒套装,3,1140.29,19.38,68,661.33
2026-09-29,私域社群,配件耗材,8,535.58,11.78,32,219.99
2026-09-29,老客复购,香薰蜡烛,6,973.88,26.29,39,511.7
2026-09-29,老客复购,家居香氛,5,1127.83,28.2,45,571.81
2026-09-29,老客复购,车载香氛,7,878.06,44.78,35,391.64
2026-09-29,老客复购,礼盒套装,1,350.15,5.95,14,203.08
2026-09-29,老客复购,配件耗材,11,731.07,16.08,29,300.29
2026-09-30,自然流量,香薰蜡烛,20,3282.49,88.63,0,1724.69
2026-09-30,自然流量,家居香氛,13,2923.91,73.1,0,1482.42
2026-09-30,自然流量,车载香氛,23,2951.92,150.55,0,1316.64
2026-09-30,自然流量,礼盒套装,2,717.79,12.2,0,416.3
2026-09-30,自然流量,配件耗材,16,1098.8,24.17,0,451.34
2026-09-30,信息流投放,香薰蜡烛,13,2242.19,60.54,852,1178.09
2026-09-30,信息流投放,家居香氛,8,1740.38,43.51,661,882.37
2026-09-30,信息流投放,车载香氛,18,2413.48,123.09,917,1076.48
2026-09-30,信息流投放,礼盒套装,2,729.82,12.41,277,423.28
2026-09-30,信息流投放,配件耗材,7,490.08,10.78,186,201.31
2026-09-30,私域社群,香薰蜡烛,8,1399.93,37.8,84,735.55
2026-09-30,私域社群,家居香氛,6,1330.53,33.26,80,674.58
2026-09-30,私域社群,车载香氛,5,624.22,31.84,37,278.42
2026-09-30,私域社群,礼盒套装,3,1156.47,19.66,69,670.72
2026-09-30,私域社群,配件耗材,8,538.8,11.85,32,221.32
2026-09-30,老客复购,香薰蜡烛,5,846.07,22.84,34,444.54
2026-09-30,老客复购,家居香氛,5,1103.25,27.58,44,559.35
2026-09-30,老客复购,车载香氛,7,882.4,45.0,35,393.58
2026-09-30,老客复购,礼盒套装,1,387.95,6.6,16,225.0
2026-09-30,老客复购,配件耗材,11,743.68,16.36,30,305.47
